Sample,X,Y,Z
0,0.008,0.254,0.977
1,0.012,0.004,0.988
2,0.016,0.012,0.980
3,0.012,0.012,0.988
4,0.004,0.012,0.988
5,0.008,0.016,0.992
6,0.008,0.012,0.977
7,0.008,0.004,0.984
8,0.008,0.012,0.992
9,0.012,0.008,0.977
10,0.012,0.012,0.973
11,0.008,0.008,0.992
12,0.008,0.004,0.988
13,0.020,0.012,0.992
14,0.016,0.004,0.984
15,0.008,0.004,0.988
16,0.008,0.008,0.980
17,0.008,0.000,1.000
18,0.016,0.008,0.984
19,0.000,0.004,0.984
20,0.012,0.012,0.980
21,0.008,0.008,0.992
22,0.012,0.004,0.988
23,0.020,0.008,0.988
24,0.016,0.016,0.992
25,0.023,0.012,0.949
26,0.004,0.008,0.988
27,0.020,0.016,1.031
28,0.020,0.012,0.992
29,-0.012,0.016,1.012
30,0.012,0.004,0.977
31,0.012,0.012,0.988
32,0.020,0.004,1.004
33,0.012,0.004,0.984
34,0.008,0.012,0.988
35,0.008,0.008,0.988
36,0.016,0.008,0.988
37,0.012,0.008,0.984
38,0.008,0.012,0.984
39,0.016,0.008,0.980
40,0.012,0.016,0.996
41,0.016,0.004,0.988
42,0.012,0.004,0.984
43,0.012,0.008,0.988
44,0.008,0.016,0.977
45,0.004,0.008,0.980
46,0.016,0.008,0.992
47,0.016,0.008,0.984
48,0.008,0.012,0.969
49,0.020,0.008,0.941
50,-0.008,0.012,1.031
51,0.012,0.004,1.008
52,0.016,0.012,0.945
53,0.023,0.000,0.938
54,0.016,0.008,0.988
55,0.016,0.008,0.992
56,0.020,0.008,0.980
57,0.016,0.004,0.992
58,0.020,0.012,0.988
59,0.016,0.008,0.980
60,0.008,0.004,0.988
61,0.008,0.000,1.004
62,0.016,0.000,0.969
63,0.016,0.016,0.988
64,0.016,0.012,0.988
65,0.020,0.008,0.984
66,0.004,0.008,0.984
67,0.012,0.012,0.988
68,0.012,0.012,0.973
69,0.023,0.008,0.992
70,0.016,0.004,0.988
71,0.008,0.012,0.996
72,0.031,0.000,0.977
73,0.016,0.004,1.000
74,0.023,0.016,1.004
75,0.000,0.008,0.996
76,0.008,0.012,0.965
77,0.031,0.023,1.016
78,0.023,0.027,1.000
79,0.016,0.012,1.008
80,-0.004,-0.016,0.988
81,-0.016,0.023,1.000
82,0.023,0.012,0.949
83,0.027,0.000,0.984
84,0.016,0.012,1.020
85,0.035,0.016,0.988
86,0.008,-0.023,1.004
87,-0.016,0.016,0.980
88,0.074,-0.117,1.039
89,0.047,-0.258,0.922
90,-0.070,-0.035,0.887
91,-0.133,0.098,0.863
92,0.164,0.004,1.082
93,0.258,-0.078,1.117
94,-0.035,0.125,0.992
95,-0.160,0.160,0.977
96,0.012,-0.055,0.953
97,0.066,-0.051,1.047
98,-0.070,0.129,1.035
99,-0.039,0.113,0.922
100,0.172,-0.004,0.969
101,0.082,0.082,1.074
102,-0.074,0.141,1.105
103,-0.047,-0.086,0.930
104,0.023,-0.242,0.879
105,-0.066,-0.078,0.977
106,-0.102,0.051,1.062
107,0.062,0.004,0.988
108,0.199,-0.066,0.957
109,0.086,0.004,0.977
110,-0.062,-0.008,1.039
111,-0.066,-0.066,1.008
112,-0.047,-0.051,0.996
113,-0.023,0.023,0.945
114,0.047,0.004,0.988
115,0.074,0.035,1.035
116,0.012,0.102,1.066
117,-0.035,0.113,0.988
118,-0.012,0.043,0.926
119,0.062,0.004,0.918
120,0.074,-0.035,1.043
121,-0.047,0.023,1.113
122,-0.078,0.055,1.047
123,0.023,-0.016,0.953
124,0.102,-0.062,0.898
125,0.094,-0.016,0.961
126,-0.008,0.027,1.102
127,-0.012,0.012,1.102
128,0.012,-0.047,0.980
129,0.012,-0.066,0.906
130,-0.016,-0.039,0.922
131,-0.020,-0.016,1.023
132,0.004,0.020,1.055
133,0.043,0.059,1.027
134,0.074,0.023,0.945
135,0.051,0.016,0.918
136,-0.012,0.047,0.973
137,-0.016,0.051,1.082
138,0.004,0.031,1.078
139,0.027,0.039,0.977
140,0.027,0.031,0.898
141,0.047,-0.023,0.988
142,0.016,-0.062,1.082
143,-0.066,0.004,1.008
144,-0.039,0.023,0.926
145,0.094,-0.102,0.918
146,0.094,-0.098,0.914
147,-0.031,0.000,1.086
148,-0.051,-0.004,1.051
149,0.023,-0.047,1.008
150,0.066,-0.020,0.957
151,0.023,0.035,0.988
152,0.035,0.012,0.980
153,0.070,0.027,1.008
154,0.012,0.078,1.059
155,-0.016,0.066,1.004
156,0.012,-0.027,0.902
157,0.000,-0.016,0.914
158,-0.031,0.023,1.012
159,-0.023,0.051,1.047
160,0.039,0.012,1.020
161,0.055,-0.016,0.973
162,0.020,-0.012,0.961
163,-0.023,0.012,0.957
164,-0.012,0.004,1.043
165,0.031,-0.031,1.027
166,0.008,-0.027,0.961
167,-0.016,-0.035,0.949
168,0.008,-0.020,0.945
169,0.020,0.020,1.094
170,0.012,0.047,1.016
171,0.043,0.004,1.000
172,0.027,0.004,0.945
173,-0.035,0.012,0.977
174,-0.074,0.043,1.020
175,-0.035,0.031,1.031
176,0.016,0.027,0.969
177,0.020,0.031,0.969
178,0.016,0.055,1.004
179,0.027,0.066,1.078
180,0.016,0.055,1.066
181,0.023,0.016,0.984
182,0.031,-0.035,0.949
183,0.016,-0.047,0.992
184,-0.020,-0.020,1.023
185,-0.008,-0.027,1.020
186,0.051,-0.039,0.945
187,0.051,-0.008,0.918
188,0.055,-0.016,0.957
189,0.059,-0.086,1.039
190,-0.008,-0.031,0.969
191,-0.051,0.023,0.891
192,0.066,-0.004,0.941
193,0.086,-0.016,0.977
194,-0.016,0.059,1.020
195,-0.012,0.070,0.977
196,0.027,0.020,0.953
197,-0.004,0.039,0.996
198,-0.004,0.055,0.996
199,-0.008,0.020,1.020
200,0.012,-0.012,1.016
201,0.000,0.000,1.059
202,-0.035,0.008,1.000
203,-0.012,-0.027,0.934
204,0.020,-0.066,0.984
205,0.012,-0.031,1.043
206,0.031,-0.023,1.062
207,0.059,-0.027,1.027
208,0.047,-0.035,0.977
209,0.055,-0.051,0.930
210,0.031,-0.039,0.969
211,0.016,0.004,1.008
212,0.027,0.000,1.023
213,0.031,0.023,0.984
214,0.020,0.035,0.973
215,0.020,0.023,0.965
216,0.043,0.055,0.996
217,-0.031,0.105,1.066
218,-0.004,0.094,1.039
219,-0.004,0.070,0.930
220,0.004,0.055,0.906
221,-0.012,0.062,1.004
222,-0.035,0.051,1.031
223,0.012,-0.035,1.055
224,0.012,-0.043,0.984
225,-0.008,-0.016,0.918
226,0.031,-0.043,0.973
227,0.078,-0.066,1.074
228,0.035,-0.051,1.039
229,-0.004,-0.070,0.988
230,-0.016,-0.109,0.961
231,-0.004,-0.086,0.965
232,0.012,-0.047,1.020
233,0.004,-0.004,0.969
234,0.039,0.027,0.945
235,0.039,0.043,0.969
236,-0.012,0.070,1.020
237,-0.039,0.070,0.961
238,-0.027,0.031,0.965
239,-0.023,0.031,1.000
240,-0.027,0.059,1.039
241,-0.035,0.078,1.039
242,0.047,0.066,1.035
243,0.070,0.051,1.004
244,0.035,0.051,1.051
245,0.039,0.012,1.074
246,0.016,-0.004,1.043
247,-0.008,-0.039,1.000
248,0.000,-0.031,0.980
249,0.020,-0.043,0.957
250,0.031,-0.016,0.926
251,0.062,-0.027,0.992
252,0.051,-0.051,0.977
253,0.043,0.000,0.914
254,0.020,0.012,0.910
255,0.070,-0.012,1.012
256,0.047,-0.016,1.035
257,0.004,0.031,1.008
258,-0.012,0.016,0.957
259,0.051,0.004,0.938
260,0.039,0.039,0.996
261,0.016,0.047,1.059
262,0.035,0.012,1.012
263,0.043,-0.016,0.992
264,0.047,-0.012,1.016
265,-0.004,-0.027,1.027
266,-0.051,-0.078,0.941
267,-0.023,-0.098,0.941
268,-0.031,-0.074,1.051
269,-0.035,-0.016,1.051
270,-0.012,-0.012,1.020
271,0.027,0.000,0.980
272,0.008,0.035,0.969
273,-0.047,0.090,0.992
274,-0.047,0.098,1.031
275,-0.023,0.082,0.996
276,0.016,0.035,1.008
277,0.004,0.047,0.988
278,0.008,0.066,0.984
279,0.020,0.094,1.027
280,0.082,0.062,1.086
281,0.086,-0.004,1.031
282,0.031,-0.035,0.941
283,-0.047,-0.090,0.914
284,-0.031,-0.137,0.938
285,-0.031,-0.098,0.961
286,0.008,-0.078,0.961
287,0.078,-0.094,0.957
288,0.094,-0.062,0.980
289,0.023,-0.004,1.039
290,-0.059,0.008,1.039
291,0.012,-0.004,0.961
292,0.012,0.004,1.008
293,-0.020,0.082,1.031
294,0.000,0.141,1.043
295,0.016,0.156,1.012
296,0.031,0.152,0.961
297,0.055,0.164,0.953
298,0.016,0.148,0.965
299,0.008,0.055,1.070
300,-0.016,0.016,1.035
301,-0.059,0.012,0.938
302,-0.012,-0.074,0.906
303,0.047,-0.105,0.977
304,0.016,-0.109,0.965
305,0.000,-0.109,1.035
306,0.031,-0.133,0.984
307,0.094,-0.160,0.949
308,0.086,-0.129,1.016
309,0.051,-0.070,1.062
310,0.051,-0.074,1.086
311,0.031,-0.074,1.094
312,-0.008,-0.012,0.977
313,-0.059,-0.004,0.945
314,-0.055,0.027,0.910
315,-0.066,0.078,0.926
316,-0.043,0.180,0.902
317,0.023,0.223,0.984
318,0.078,0.211,1.004
319,0.125,0.145,1.066
320,0.023,0.141,1.043
321,-0.055,0.117,1.000
322,-0.008,0.008,1.012
323,0.004,-0.066,1.000
324,-0.004,-0.094,0.945
325,-0.035,-0.113,0.926
326,0.008,-0.164,0.969
327,0.078,-0.164,0.992
328,0.047,-0.145,1.012
329,0.027,-0.133,1.012
330,0.031,-0.152,1.020
331,-0.051,-0.094,1.012
332,-0.098,0.023,1.031
333,-0.074,0.098,0.941
334,0.043,0.098,0.918
335,0.039,0.195,0.992
336,0.023,0.289,1.125
337,0.047,0.277,1.090
338,0.078,0.188,1.109
339,0.031,0.152,1.016
340,-0.043,0.125,0.887
341,-0.039,0.090,0.910
342,-0.027,0.027,0.961
343,0.012,-0.031,0.969
344,0.031,-0.090,0.957
345,0.078,-0.219,0.945
346,0.105,-0.285,1.008
347,0.020,-0.234,1.074
348,0.016,-0.258,1.074
349,0.070,-0.332,0.980
350,0.000,-0.238,0.910
351,-0.074,-0.125,0.898
352,-0.070,-0.012,0.914
353,0.012,0.102,0.941
354,0.109,0.191,1.070
355,0.125,0.246,1.129
356,0.082,0.242,1.164
357,-0.031,0.250,1.133
358,-0.113,0.250,0.992
359,-0.078,0.199,0.832
360,0.020,0.168,0.859
361,0.082,0.133,0.969
362,0.074,0.066,1.074
363,0.098,-0.039,1.059
364,0.086,-0.148,0.965
365,0.070,-0.234,0.961
366,0.023,-0.293,1.008
367,-0.059,-0.281,0.992
368,-0.098,-0.238,0.902
369,-0.074,-0.184,0.848
370,-0.043,-0.074,0.898
371,0.023,0.000,0.996
372,0.027,0.086,1.086
373,0.039,0.141,1.188
374,-0.008,0.188,1.109
375,-0.082,0.223,1.008
376,-0.078,0.207,1.008
377,-0.043,0.203,1.039
378,-0.020,0.211,1.066
379,0.047,0.188,1.148
380,0.086,0.113,1.105
381,0.137,0.016,1.000
382,0.082,-0.078,0.957
383,0.020,-0.164,0.922
384,-0.008,-0.246,0.855
385,-0.023,-0.281,0.902
386,-0.023,-0.242,0.883
387,0.043,-0.211,0.879
388,0.078,-0.172,0.961
389,0.047,-0.094,1.035
390,-0.016,0.000,0.957
391,-0.039,0.051,0.938
392,0.008,0.102,0.980
393,0.059,0.137,1.062
394,0.094,0.145,1.121
395,0.039,0.180,1.156
396,-0.023,0.191,1.094
397,-0.004,0.125,0.973
398,-0.016,0.086,0.906
399,-0.031,0.086,0.898
400,0.004,0.078,0.984
401,0.027,0.070,1.066
402,0.023,0.043,1.078
403,0.012,-0.004,0.980
404,0.023,-0.078,0.918
405,-0.027,-0.105,0.855
406,-0.031,-0.090,0.941
407,-0.031,-0.051,0.969
408,0.078,-0.098,1.008
409,0.109,-0.145,1.066
410,0.047,-0.094,1.125
411,-0.027,-0.039,1.113
412,-0.027,-0.078,1.016
413,-0.008,-0.094,0.980
414,0.000,-0.066,0.914
415,-0.031,-0.020,0.945
416,-0.012,0.031,1.027
417,0.008,0.074,1.055
418,0.012,0.109,0.992
419,0.012,0.078,0.918
420,-0.035,0.109,0.898
421,-0.078,0.180,1.012
422,0.000,0.141,1.148
423,0.086,0.043,1.113
424,0.078,-0.012,1.039
425,-0.016,-0.047,0.965
426,-0.102,-0.070,0.934
427,-0.090,-0.070,0.906
428,-0.004,-0.086,0.938
429,0.109,-0.074,0.977
430,0.152,-0.062,1.016
431,0.094,0.000,1.055
432,0.004,0.043,0.941
433,0.000,0.008,0.855
434,0.004,-0.027,0.777
435,0.031,0.070,0.906
436,0.066,0.156,1.164
437,0.098,0.129,1.141
438,0.113,0.094,1.113
439,0.012,0.039,0.945
440,-0.094,-0.035,0.801
441,-0.113,-0.105,0.875
442,-0.070,-0.074,1.012
443,0.023,-0.055,1.062
444,0.125,-0.059,1.027
445,0.090,-0.066,1.000
446,-0.027,-0.035,0.992
447,-0.125,-0.031,1.008
448,-0.055,-0.043,1.020
449,0.074,-0.020,1.008
450,0.207,-0.012,1.039
451,0.152,0.027,1.074
452,0.016,0.070,1.059
453,-0.098,0.035,0.926
454,-0.129,0.004,0.871
455,-0.078,0.012,0.895
456,0.051,0.023,1.008
457,0.055,0.094,1.039
458,0.004,0.141,1.090
459,-0.074,0.133,0.957
460,-0.098,0.070,0.980
461,-0.078,0.062,1.055
462,0.035,0.074,1.055
463,0.191,0.035,1.102
464,0.230,0.016,1.105
465,0.078,-0.004,0.973
466,-0.070,-0.098,0.961
467,-0.141,-0.211,0.934
468,-0.043,-0.293,0.922
469,0.062,-0.254,0.879
470,0.113,-0.156,0.883
471,0.062,-0.070,0.914
472,-0.039,0.000,1.039
473,-0.133,0.035,1.094
474,-0.109,0.062,1.078
475,0.059,0.043,0.992
476,0.207,0.027,0.957
477,0.141,0.137,1.016
478,-0.023,0.219,1.062
479,-0.113,0.223,1.141
480,-0.066,0.156,1.168
481,0.059,0.117,0.887
482,0.160,0.062,0.836
483,0.145,0.043,0.770
484,-0.004,0.078,0.965
485,-0.109,0.082,1.168
486,-0.160,0.016,1.184
487,-0.012,-0.105,0.953
488,0.160,-0.160,0.750
489,0.172,-0.145,0.812
490,0.070,-0.105,0.980
491,-0.070,-0.102,1.195
492,-0.133,-0.152,1.207
493,-0.059,-0.215,0.980
494,0.070,-0.180,0.762
495,0.121,-0.082,0.785
496,0.098,0.055,1.035
497,-0.008,0.168,1.309
498,-0.102,0.230,1.328
499,-0.066,0.148,1.051
500,0.035,0.008,0.797
501,0.039,0.027,0.766
502,-0.004,0.074,0.957
503,-0.062,0.102,1.047
504,-0.039,0.137,1.152
505,0.000,0.105,0.973
506,0.105,0.062,0.836
507,0.164,0.000,0.875
508,0.117,-0.023,1.047
509,0.000,0.008,1.199
510,-0.117,-0.023,1.121
511,-0.059,-0.059,0.875
512,0.059,-0.129,0.738
513,0.176,-0.109,0.855
514,0.113,-0.062,1.059
515,0.027,-0.062,1.152
516,-0.062,-0.133,0.949
517,-0.109,-0.164,0.777
518,-0.102,-0.121,0.812
519,0.004,-0.035,1.070
520,0.090,0.020,1.281
521,0.035,0.109,1.258
522,-0.082,0.156,1.039
523,-0.066,0.113,0.895
524,0.016,0.055,0.918
525,0.078,0.090,1.062
526,0.059,0.105,1.086
527,0.035,0.117,0.996
528,0.000,0.070,0.879
529,-0.070,0.059,0.879
530,-0.070,0.094,0.965
531,0.051,0.012,1.172
532,0.113,0.012,1.109
533,-0.004,0.043,0.973
534,-0.020,-0.031,0.848
535,0.016,-0.137,0.895
536,0.043,-0.129,0.953
537,0.031,-0.113,0.961
538,0.066,-0.152,0.910
539,0.070,-0.141,0.895
540,0.023,-0.098,1.027
541,0.004,-0.082,1.145
542,-0.016,-0.094,1.113
543,-0.090,0.000,1.008
544,-0.090,0.074,0.930
545,-0.016,0.035,0.910
546,0.074,0.016,1.016
547,0.012,0.066,1.016
548,-0.055,0.121,0.992
549,-0.035,0.141,0.945
550,0.023,0.152,1.027
551,0.070,0.137,1.113
552,0.043,0.113,1.059
553,0.035,0.078,1.020
554,-0.035,0.109,1.000
555,-0.043,0.086,1.062
556,0.090,-0.004,1.035
557,0.148,-0.102,0.934
558,0.145,-0.191,0.824
559,0.027,-0.180,0.883
560,-0.070,-0.172,0.934
561,-0.023,-0.223,1.020
562,0.004,-0.238,1.004
563,0.008,-0.246,0.984
564,-0.051,-0.125,0.957
565,-0.062,-0.016,1.016
566,0.031,0.059,1.086
567,0.133,0.055,1.031
568,0.148,0.117,0.965
569,0.070,0.199,0.938
570,0.012,0.242,1.023
571,-0.012,0.219,1.117
572,-0.070,0.203,1.000
573,-0.066,0.145,0.863
574,-0.059,0.129,0.898
575,-0.082,0.195,1.094
576,0.004,0.172,1.117
577,0.090,0.016,0.969
578,0.215,-0.129,0.895
579,0.086,-0.133,0.922
580,0.012,-0.133,1.055
581,-0.020,-0.211,1.051
582,-0.004,-0.270,0.938
583,-0.012,-0.273,0.875
584,-0.031,-0.215,0.898
585,-0.016,-0.125,1.051
586,0.059,-0.066,1.086
587,0.090,-0.023,0.996
588,0.082,0.031,0.941
589,0.039,0.121,1.023
590,-0.016,0.164,1.180
591,-0.105,0.227,1.137
592,-0.168,0.250,0.938
593,-0.105,0.184,0.844
594,-0.078,0.188,0.930
595,-0.047,0.277,1.062
596,0.051,0.273,1.074
597,0.211,0.172,0.992
598,0.270,0.008,0.953
599,0.152,-0.094,1.102
600,-0.031,-0.137,1.047
601,-0.133,-0.293,0.891
602,-0.102,-0.379,0.777
603,-0.051,-0.352,0.820
604,0.039,-0.297,1.000
605,0.113,-0.230,0.973
606,0.148,-0.164,1.012
607,0.141,-0.012,1.020
608,0.113,0.066,1.109
609,0.090,0.141,1.164
610,-0.035,0.176,1.035
611,-0.141,0.254,1.004
612,-0.191,0.254,0.977
613,-0.117,0.223,0.965
614,-0.070,0.227,0.945
615,-0.055,0.254,0.949
616,0.062,0.242,1.023
617,0.219,0.176,1.203
618,0.230,0.109,1.188
619,0.078,-0.012,0.883
620,-0.043,-0.172,0.750
621,-0.156,-0.281,0.809
622,-0.195,-0.355,1.008
623,-0.121,-0.379,1.000
624,0.027,-0.383,0.789
625,0.172,-0.305,0.820
626,0.223,-0.156,1.129
627,0.191,0.070,1.277
628,0.168,0.137,1.039
629,0.117,0.133,0.883
630,-0.066,0.234,0.926
631,-0.172,0.203,1.051
632,-0.246,0.137,1.004
633,-0.262,0.113,0.957
634,-0.176,0.145,1.117
635,0.012,0.203,1.258
636,0.191,0.203,1.148
637,0.234,0.191,0.973
638,0.184,0.180,0.883
639,0.102,0.062,0.867
640,-0.016,-0.090,0.922
641,-0.145,-0.250,0.949
642,-0.195,-0.406,0.941
643,-0.086,-0.492,0.898
644,0.070,-0.418,1.023
645,0.125,-0.230,1.066
646,0.152,-0.066,1.035
647,0.195,0.086,0.848
648,0.223,0.207,0.723
649,0.137,0.180,0.938
650,-0.145,0.137,0.996
651,-0.242,0.086,1.023
652,-0.191,0.004,1.055
653,-0.109,0.059,1.168
654,0.023,0.203,1.172
655,0.137,0.324,1.047
656,0.223,0.340,1.016
657,0.254,0.242,0.961
658,0.113,0.129,0.867
659,-0.047,-0.074,0.867
660,-0.148,-0.305,1.016
661,-0.199,-0.422,1.133
662,-0.176,-0.422,1.059
663,-0.098,-0.340,0.871
664,0.039,-0.172,0.875
665,0.137,0.059,0.949
666,0.250,0.191,0.977
667,0.273,0.172,0.984
668,0.141,0.117,1.066
669,-0.070,0.059,1.012
670,-0.211,-0.098,0.996
671,-0.227,-0.145,1.031
672,-0.234,0.066,0.941
673,-0.059,0.184,0.965
674,0.199,0.262,1.008
675,0.289,0.332,1.004
676,0.207,0.270,1.109
677,0.027,0.055,1.039
678,-0.078,-0.250,1.043
679,-0.230,-0.383,0.980
680,-0.367,-0.277,0.887
681,-0.203,-0.227,0.891
682,0.055,-0.047,0.898
683,0.273,0.184,1.094
684,0.348,0.266,1.172
685,0.281,0.223,1.102
686,0.117,0.078,0.969
687,-0.043,-0.152,0.945
688,-0.238,-0.211,0.891
689,-0.332,-0.133,0.930
690,-0.215,-0.027,0.883
691,0.074,0.090,0.938
692,0.227,0.230,1.043
693,0.270,0.238,1.145
694,0.156,0.082,1.059
695,0.012,-0.117,0.941
696,-0.164,-0.207,0.824
697,-0.250,-0.211,0.910
698,-0.113,-0.145,0.891
699,0.078,0.004,1.023
700,0.184,0.184,1.223
701,0.242,0.344,1.195
702,0.215,0.270,1.113
703,0.129,0.074,1.008
704,-0.047,-0.152,0.949
705,-0.246,-0.230,0.875
706,-0.305,-0.242,0.906
707,-0.117,-0.199,0.844
708,0.090,-0.062,0.949
709,0.180,0.051,1.086
710,0.172,0.078,1.137
711,0.090,0.008,1.020
712,0.012,-0.070,0.984
713,-0.074,-0.105,0.898
714,-0.090,-0.070,0.898
715,0.016,0.043,0.996
716,0.113,0.195,1.137
717,0.148,0.328,1.156
718,0.133,0.336,1.137
719,0.055,0.164,0.930
720,-0.023,-0.004,0.863
721,-0.238,-0.094,0.875
722,-0.148,-0.113,1.008
723,-0.027,-0.160,0.883
724,0.113,-0.137,0.957
725,0.090,-0.066,1.035
726,0.059,-0.027,1.039
727,0.105,-0.070,0.996
728,0.051,-0.156,0.996
729,-0.035,-0.141,0.941
730,0.000,-0.082,0.992
731,0.012,-0.027,1.023
732,0.055,0.082,1.078
733,0.035,0.219,1.148
734,0.000,0.223,1.055
735,-0.031,0.121,1.000
736,-0.156,0.055,1.035
737,-0.184,0.047,1.109
738,-0.145,-0.031,1.027
739,-0.004,-0.133,0.910
740,-0.016,0.000,0.895
741,-0.008,0.070,0.934
742,0.148,-0.016,0.867
743,0.164,-0.109,0.977
744,0.086,-0.031,0.969
745,0.027,-0.047,1.027
746,0.078,-0.051,0.938
747,0.094,-0.016,1.047
748,0.012,0.090,1.086
749,-0.062,0.125,0.848
750,-0.027,0.000,0.883
751,-0.008,0.090,1.039
752,-0.023,0.156,1.172
753,0.117,0.039,1.105
754,0.102,-0.031,0.992
755,-0.004,0.000,1.000
756,-0.117,-0.031,0.871
757,-0.125,-0.199,0.828
758,-0.039,-0.164,0.863
759,0.000,-0.062,1.070
760,0.176,0.066,1.121
761,0.281,0.090,1.156
762,0.219,0.090,1.191
763,0.031,0.129,0.879
764,-0.145,0.004,0.738
765,-0.129,-0.090,0.859
766,-0.121,-0.043,1.109
767,-0.039,0.008,0.996
768,0.094,0.000,0.953
769,0.133,0.027,1.199
770,0.070,0.137,0.984
771,-0.012,-0.023,0.852
772,-0.023,-0.188,0.820
773,-0.039,-0.207,0.988
774,-0.047,-0.105,0.938
775,0.059,-0.047,1.000
776,0.094,0.117,1.207
777,0.117,0.266,1.160
778,0.070,0.207,0.887
779,0.039,0.125,0.914
780,-0.090,0.051,1.121
781,-0.168,-0.004,1.027
782,-0.098,-0.090,0.895
783,-0.047,-0.070,1.000
784,0.020,0.039,0.992
785,0.020,0.008,0.887
786,0.047,-0.023,1.027
787,0.016,-0.082,1.141
788,0.031,-0.145,0.945
789,0.047,-0.188,0.859
790,-0.051,-0.043,1.094
791,0.008,0.113,1.043
792,0.074,0.102,0.824
793,0.156,0.133,1.004
794,0.086,0.121,1.266
795,-0.004,0.070,0.988
796,-0.059,-0.078,0.805
797,-0.137,-0.090,1.031
798,-0.148,-0.043,0.859
799,-0.059,-0.090,0.801
800,0.035,-0.055,1.012
801,0.141,-0.031,1.320
802,0.148,-0.008,1.074
803,0.086,-0.012,0.941
804,0.027,0.031,1.102
805,-0.074,0.090,0.844
806,-0.043,0.043,0.859
807,0.004,0.023,1.148
808,0.078,0.035,1.160
809,0.098,0.004,0.855
810,0.039,0.016,0.965
811,0.039,0.016,0.965
812,-0.016,0.129,1.074
813,-0.016,0.059,0.781
814,0.035,-0.023,0.797
815,0.012,-0.055,1.129
816,-0.004,-0.125,1.070
817,-0.008,-0.234,0.973
818,-0.105,-0.090,1.008
819,-0.066,0.094,0.984
820,0.102,0.113,0.934
821,0.199,0.137,1.129
822,0.137,0.160,1.230
823,0.031,0.008,0.945
824,-0.059,-0.152,0.953
825,-0.219,-0.125,0.984
826,-0.250,-0.027,0.781
827,-0.059,-0.066,0.859
828,0.152,-0.012,1.160
829,0.203,0.082,1.145
830,0.195,-0.012,1.035
831,0.004,-0.098,1.004
832,-0.195,0.027,0.832
833,-0.168,0.082,0.746
834,0.059,0.027,1.137
835,0.164,0.148,1.234
836,0.168,0.180,1.059
837,0.105,0.098,1.000
838,-0.031,0.074,1.012
839,-0.105,0.070,0.742
840,-0.078,0.051,0.820
841,0.023,-0.020,1.090
842,0.109,-0.094,1.066
843,0.047,-0.195,0.965
844,-0.160,-0.191,1.062
845,-0.289,-0.102,0.844
846,-0.168,-0.020,0.793
847,0.113,0.055,1.125
848,0.262,0.156,1.156
849,0.355,0.121,1.016
850,0.203,0.000,1.074
851,-0.133,-0.016,1.031
852,-0.289,-0.062,0.793
853,-0.164,-0.062,0.906
854,0.043,-0.023,1.086
855,0.324,-0.020,0.984
856,0.297,-0.043,0.988
857,-0.012,0.016,0.977
858,-0.250,0.004,0.770
859,-0.164,0.000,0.816
860,0.012,0.031,1.156
861,0.188,0.109,1.117
862,0.301,0.062,1.000
863,0.156,0.051,1.133
864,-0.195,0.094,1.004
865,-0.258,0.004,0.832
866,-0.109,0.000,1.035
867,0.059,0.047,0.980
868,0.336,-0.074,1.066
869,0.219,-0.109,1.160
870,-0.219,-0.078,0.918
871,-0.371,-0.184,0.797
872,-0.242,-0.102,1.008
873,-0.055,0.051,1.117
874,0.273,0.102,0.996
875,0.430,0.043,1.020
876,0.094,0.078,1.008
877,-0.285,0.066,0.906
878,-0.301,-0.012,1.062
879,-0.141,-0.012,1.094
880,0.191,-0.031,1.008
881,0.449,-0.098,1.008
882,0.164,-0.035,0.957
883,-0.215,-0.020,0.809
884,-0.332,-0.090,0.996
885,-0.336,-0.004,1.027
886,-0.008,0.000,0.953
887,0.375,-0.051,0.953
888,0.277,0.043,1.004
889,-0.102,0.141,0.961
890,-0.223,0.090,1.199
891,-0.133,0.109,1.137
892,0.082,0.109,1.047
893,0.426,0.051,1.012
894,0.402,-0.059,1.055
895,-0.012,-0.070,0.832
896,-0.355,-0.113,0.934
897,-0.434,-0.047,0.965
898,-0.137,-0.016,0.934
899,0.324,0.020,0.934
900,0.492,0.098,1.047
901,0.203,0.176,0.922
902,-0.047,0.062,1.082
903,-0.250,-0.008,1.125
904,-0.188,-0.043,0.934
905,0.145,-0.121,0.891
906,0.328,-0.133,0.883
907,0.137,-0.098,0.906
908,-0.113,-0.039,1.098
909,-0.309,-0.008,1.070
910,-0.160,0.051,1.031
911,0.227,0.023,1.012
912,0.375,0.035,0.996
913,0.156,0.078,0.984
914,-0.148,0.078,1.066
915,-0.410,0.012,1.074
916,-0.324,0.031,0.910
917,0.000,0.023,0.816
918,0.312,0.031,0.910
919,0.332,0.027,1.082
920,0.062,0.086,1.195
921,-0.293,0.055,1.082
922,-0.258,-0.027,0.883
923,-0.012,-0.102,0.750
924,0.160,-0.027,0.852
925,0.211,0.059,1.129
926,0.027,0.098,1.270
927,-0.152,-0.016,1.250
928,-0.164,-0.094,1.078
929,-0.094,-0.141,0.629
930,0.141,-0.203,0.664
931,0.219,-0.156,1.062
932,0.012,-0.027,1.227
933,-0.133,-0.055,1.152
934,-0.141,-0.012,0.875
935,0.000,0.047,0.680
936,0.207,0.035,0.926
937,0.309,0.152,1.266
938,0.059,0.180,1.141
939,-0.090,0.086,1.102
940,-0.148,0.109,0.895
941,-0.094,0.121,0.602
942,0.246,-0.062,0.934
943,0.277,0.105,1.254
944,0.070,0.051,1.098
945,-0.113,0.004,1.148
946,-0.160,-0.051,0.820
947,-0.074,-0.086,0.629
948,0.082,-0.129,0.996
949,0.148,0.020,1.082
950,0.141,-0.062,1.281
951,-0.023,0.023,1.301
952,-0.164,-0.035,0.820
953,-0.062,-0.129,0.609
954,0.098,-0.207,0.984
955,0.012,-0.016,1.168
956,0.004,-0.082,1.297
957,-0.109,0.059,0.965
958,-0.152,0.117,0.633
959,0.051,0.082,0.766
960,0.133,0.141,1.102
961,0.137,0.230,1.203
962,0.113,0.070,1.223
963,-0.160,0.164,0.859
964,-0.145,0.086,0.730
965,-0.012,-0.023,0.836
966,-0.004,-0.051,1.145
967,0.047,-0.031,1.359
968,0.016,-0.102,1.215
969,-0.152,-0.035,0.715
970,-0.094,0.000,0.660
971,0.121,0.020,0.898
972,0.219,-0.070,1.438
973,0.160,0.012,1.406
974,-0.031,-0.086,0.844
975,-0.109,-0.172,0.684
976,-0.008,-0.211,0.758
977,-0.055,-0.055,0.922
978,0.066,-0.012,1.379
979,0.262,-0.004,1.031
980,0.102,0.020,0.805
981,-0.109,0.211,0.867
982,-0.066,0.129,0.754
983,0.094,-0.031,1.008
984,0.074,0.074,1.402
985,-0.078,0.105,1.078
986,-0.035,-0.012,0.863
987,-0.012,0.055,0.734
988,0.004,0.141,0.746
989,0.176,-0.043,1.453
990,0.156,-0.035,1.215
991,-0.035,-0.105,0.934
992,-0.152,-0.094,0.859
993,-0.133,-0.070,0.695
994,0.012,-0.043,1.023
995,0.148,-0.059,1.398
996,0.023,0.023,1.004
997,0.012,-0.129,1.020
998,-0.105,-0.027,0.867
999,-0.086,-0.094,0.746
Rate 1373, overflows 0
